{"pos_vars": ["me_ics_all", "me_gas_dpg", "st_ct", "mrkdn_valadd_edw", "mrkdn_pdm", "hldy_Black Friday", "hldy_Christmas Day", "hldy_Christmas Eve", "hldy_Columbus Day", "hldy_Cyber Monday", "hldy_Day after Christmas", "hldy_Easter", "hldy_Father's Day", "hldy_Green Monday", "hldy_July 4th", "hldy_Labor Day", "hldy_MLK", "hldy_Memorial Day", "hldy_Mother's Day", "hldy_NYE", "hldy_New Year's Day", "hldy_Pre Thanksgiving", "hldy_Presidents Day", "hldy_Prime Day", "hldy_Thanksgiving", "hldy_Valentine's Day", "hldy_Veterans Day"], "pn_vars": ["seas_prd_1", "seas_prd_2", "seas_prd_3", "seas_prd_4", "seas_prd_5", "seas_prd_6", "seas_prd_7", "seas_prd_8", "seas_prd_9", "seas_prd_12", "seas_week_40", "seas_week_41", "seas_week_42", "seas_week_43", "seas_week_44", "seas_week_45", "seas_week_46", "seas_week_47", "seas_week_48"], "beta1": [0.18788112141017066, 0.13218841413040935, 0.2717839330418192, 0.058930155984991864, 0.2969590349896434, 0.4701126377529628, 0.11645889690799982, 0.09627455231621508, 0.0878527915111195, 0.6330468737636972, 0.11761989330667691, 0.02638484515800112, 0.0736984600866362, 0.057108221935825855, 0.06552442656813111, 0.05030193114979725, 0.0368617684507124, 0.1422406384633967, 0.06453279178579628, 0.0734110918325687, 0.12538120065841132, 0.4649500930895897, 0.11704537141074138, 0.11283232607003256, 0.47110362193584443, 0.08683620729433843, 0.5467399330146367], "beta2": [-0.2447050366131422, -0.1752213577733576, -0.10440626767024158, -0.19209922224256706, -0.2031933971762604, -0.3063587683935216, -0.18389270629466337, -0.17054363441724127, -0.19679141302864916, -0.26466143567169814, -0.19775326278761152, -0.6487881581717839, -0.004722648514583513, -1.1337777537201077, -0.27731573345714583, 0.22107810083121388, 0.2870553868063141, 0.3008417860519056, -0.30331817479335743], "alpha": 0.1377619451137408}