{"dm": {"beta_hill": 1.7871994426671138, "ec": 0.8187869317428683, "slope": 2.290789723159023, "sc": {"x": 756248.0579072301, "y": 5062936.568134439}}, "inst": {"beta_hill": 2.0701821467318946, "ec": 0.8947520909220639, "slope": 1.8418276394632813, "sc": {"x": 79279.10998521978, "y": 2090478.3407310385}}, "nsp": {"beta_hill": 2.4952121105389886, "ec": 0.8667301010646842, "slope": 1.4000489558555762, "sc": {"x": 254559.78206899134, "y": 1796885.404415657}}, "auddig": {"beta_hill": 1.7555484431613841, "ec": 0.746484674687186, "slope": 1.8501547589701388, "sc": {"x": 3835.6756848374407, "y": 1110910.4464664315}}, "audtr": {"beta_hill": 1.6002580182844515, "ec": 0.6834495250317385, "slope": 1.780156176025774, "sc": {"x": 122174.54880642377, "y": 979644.462605443}}, "vidtr": {"beta_hill": 2.2862145504816755, "ec": 0.931397584297284, "slope": 1.605888798596187, "sc": {"x": 168118.67224530285, "y": 2349990.3491347264}}, "viddig": {"beta_hill": 2.084861386840125, "ec": 0.8653999597695873, "slope": 1.633557690574261, "sc": {"x": 18481.0489351834, "y": 1362935.609475056}}, "so": {"beta_hill": 2.1824137328381967, "ec": 0.8230719311296957, "slope": 1.5281404032091355, "sc": {"x": 101046.92496142758, "y": 984285.9593835528}}, "on": {"beta_hill": 1.8658981122846168, "ec": 0.8159570655794733, "slope": 1.7107989280775748, "sc": {"x": 214677.30056603637, "y": 2257523.4969425607}}, "sem": {"beta_hill": 2.218225105533424, "ec": 0.9405867949142419, "slope": 1.991885824723736, "sc": {"x": 624592.493831927, "y": 6773520.932237894}}}