{"dm": {"beta_hill": 1.7890751549368789, "ec": 0.8255315368312238, "slope": 2.2421068387236005, "sc": {"x": 756248.0579072301, "y": 5062936.568134439}}, "inst": {"beta_hill": 2.0790473109258767, "ec": 0.9038341781121236, "slope": 1.8214117595103794, "sc": {"x": 79279.10998521978, "y": 2090478.3407310385}}, "nsp": {"beta_hill": 2.5043848183403714, "ec": 0.8799114028813735, "slope": 1.3796484523239692, "sc": {"x": 254559.78206899134, "y": 1796885.404415657}}, "auddig": {"beta_hill": 1.7549694899919017, "ec": 0.7456675083560542, "slope": 1.7959901677860861, "sc": {"x": 3835.6756848374407, "y": 1110910.4464664315}}, "audtr": {"beta_hill": 1.5951390867004354, "ec": 0.6854467711817627, "slope": 1.702451084279366, "sc": {"x": 122174.54880642377, "y": 979644.462605443}}, "vidtr": {"beta_hill": 2.2883047661807696, "ec": 0.9398872513729677, "slope": 1.5946927874964716, "sc": {"x": 168118.67224530285, "y": 2349990.3491347264}}, "viddig": {"beta_hill": 2.089597803683012, "ec": 0.8782324941627111, "slope": 1.6163317163377948, "sc": {"x": 18481.0489351834, "y": 1362935.609475056}}, "so": {"beta_hill": 2.1923883434707303, "ec": 0.833497536860154, "slope": 1.5099166072873107, "sc": {"x": 101046.92496142758, "y": 984285.9593835528}}, "on": {"beta_hill": 1.871372504205788, "ec": 0.8245889042739147, "slope": 1.6869982920276767, "sc": {"x": 214677.30056603637, "y": 2257523.4969425607}}, "sem": {"beta_hill": 2.2216948188187158, "ec": 0.9467339737172731, "slope": 1.9834688991191372, "sc": {"x": 624592.493831927, "y": 6773520.932237894}}}